generation_id,Formula,Space group,"$E_{\text{hull}}$, eV / atom","$E_{\text{reduction}}$, V \emph{vs.} Li/Li$^+$","$E_{\text{oxidation}}$, V \emph{vs.} Li/Li$^+$","$E_{\text{rxn}}$, eV / atom","$\sigma_{\text{Li}}^{\text{300 K}}$, mS / cm","$\sigma_{\text{Li}}^{\text{300 K}}$, mS / cm (standard error)",structure_cif
wf_mace_mpa_am20_b3_18341,Li$_{3}$AlF$_{6}$,$P312$,0.06,1.06,6.44,-0.01,0.6847436195617309,0.09190614644089969,"data_image0
_chemical_formula_structural       Li3F6Al
_chemical_formula_sum              ""Li3 F6 Al1""
_cell_length_a       4.967587223483006
_cell_length_b       4.967587223483007
_cell_length_c       4.882936945399411
_cell_angle_alpha    90.0
_cell_angle_beta     90.0
_cell_angle_gamma    120.00000000000001

_space_group_name_H-M_alt    ""P 1""
_space_group_IT_number       1

loop_
  _space_group_symop_operation_xyz
  'x, y, z'

loop_
  _atom_site_type_symbol
  _atom_site_label
  _atom_site_symmetry_multiplicity
  _atom_site_fract_x
  _atom_site_fract_y
  _atom_site_fract_z
  _atom_site_occupancy
  Li  Li1       1.0  0.0  0.0  0.5  1.0000
  Li  Li2       1.0  0.6666666666666662  0.33333333333333315  6.058297347800012e-32  1.0000
  Li  Li3       1.0  0.6666666666666663  0.33333333333333315  0.5  1.0000
  F   F1        1.0  0.3463814086336057  0.9810198702639579  0.29003872672338993  1.0000
  F   F2        1.0  0.018980129736041677  0.36536153836964713  0.2900387267233899  1.0000
  F   F3        1.0  0.6346384616303523  0.6536185913663939  0.2900387267233897  1.0000
  F   F4        1.0  0.018980129736041684  0.6536185913663946  0.7099612732766104  1.0000
  F   F5        1.0  0.6346384616303526  0.9810198702639582  0.7099612732766106  1.0000
  F   F6        1.0  0.3463814086336057  0.36536153836964746  0.7099612732766103  1.0000
  Al  Al1       1.0  0.33333333333333315  0.6666666666666665  0.5  1.0000
"
wf_mace_mpa_am20_b3_20670,Li$_{3}$YCl$_{6}$,$P312$,0.06,0.64,4.28,0.0,0.5854859973351618,0.03330620893108383,"data_image0
_chemical_formula_structural       Li3Cl6Y
_chemical_formula_sum              ""Li3 Cl6 Y1""
_cell_length_a       6.42194478611111
_cell_length_b       6.421944786111108
_cell_length_c       6.316816683730237
_cell_angle_alpha    90.0000000000001
_cell_angle_beta     90.0
_cell_angle_gamma    119.99999999999999

_space_group_name_H-M_alt    ""P 1""
_space_group_IT_number       1

loop_
  _space_group_symop_operation_xyz
  'x, y, z'

loop_
  _atom_site_type_symbol
  _atom_site_label
  _atom_site_symmetry_multiplicity
  _atom_site_fract_x
  _atom_site_fract_y
  _atom_site_fract_z
  _atom_site_occupancy
  Li  Li1       1.0  7.092073680974855e-31  4.913532778588194e-31  0.5000000000000002  1.0000
  Li  Li2       1.0  0.6666666666666655  0.33333333333333287  0.49999999999999967  1.0000
  Li  Li3       1.0  0.333333333333333  0.6666666666666666  0.0  1.0000
  Cl  Cl1       1.0  0.6714834242684304  0.9943564189434788  0.7460339666629963  1.0000
  Cl  Cl2       1.0  0.005643581056523061  0.6771270053249537  0.746033966662996  1.0000
  Cl  Cl3       1.0  0.32287299467504643  0.32851657573156984  0.7460339666629956  1.0000
  Cl  Cl4       1.0  0.005643581056523046  0.32851657573157034  0.2539660333370041  1.0000
  Cl  Cl5       1.0  0.3228729946750464  0.9943564189434786  0.2539660333370043  1.0000
  Cl  Cl6       1.0  0.6714834242684309  0.6771270053249542  0.253966033337004  1.0000
  Y   Y1        1.0  0.0  2.581486027407401e-32  0.0  1.0000
"
wf_mace_mpa_am20_b3_33917,Li$_{3}$AlF$_{6}$,$P\bar{1}$,0.04,1.06,6.44,-0.01,0.5237558054054279,0.15360840433626521,"data_image0
_chemical_formula_structural       Li3F6Al
_chemical_formula_sum              ""Li3 F6 Al1""
_cell_length_a       4.905807703631176
_cell_length_b       5.112664151522724
_cell_length_c       6.334401534775287
_cell_angle_alpha    68.51021649616872
_cell_angle_beta     128.79992380951387
_cell_angle_gamma    118.29261286519713

_space_group_name_H-M_alt    ""P 1""
_space_group_IT_number       1

loop_
  _space_group_symop_operation_xyz
  'x, y, z'

loop_
  _atom_site_type_symbol
  _atom_site_label
  _atom_site_symmetry_multiplicity
  _atom_site_fract_x
  _atom_site_fract_y
  _atom_site_fract_z
  _atom_site_occupancy
  Li  Li1       1.0  6.911073612525021e-17  6.059941182442728e-18  0.5000000000000001  1.0000
  Li  Li2       1.0  0.6610607426618668  0.356366354081975  0.9795312600235488  1.0000
  Li  Li3       1.0  0.338939257338134  0.643633645918026  0.020468739976451055  1.0000
  F   F1        1.0  0.8730029855121183  0.7383106782737685  0.793188698220446  1.0000
  F   F2        1.0  0.12699701448788225  0.2616893217262317  0.2068113017795544  1.0000
  F   F3        1.0  0.14802422835932597  0.31647509562842885  0.7987581784679323  1.0000
  F   F4        1.0  0.8519757716406745  0.6835249043715729  0.2012418215320677  1.0000
  F   F5        1.0  0.5246340527741952  0.01835722885871666  0.7873403542779994  1.0000
  F   F6        1.0  0.47536594722580544  0.9816427711412846  0.21265964572200058  1.0000
  Al  Al1       1.0  1.2137564196686517e-17  5.5482059538106606e-18  3.2968794624807763e-18  1.0000
"
wf_mace_mpa_am20_b3_17075,Li$_{2}$MgCl$_{4}$,$C2/c$,0.05,0.87,4.28,0.0,0.46430474322537807,0.10130678517439745,"data_image0
_chemical_formula_structural       Li8Mg4Cl16
_chemical_formula_sum              ""Li8 Mg4 Cl16""
_cell_length_a       12.272449348065596
_cell_length_b       7.7769792028005105
_cell_length_c       6.4633129360802
_cell_angle_alpha    90.0
_cell_angle_beta     76.96592376060615
_cell_angle_gamma    90.0

_space_group_name_H-M_alt    ""P 1""
_space_group_IT_number       1

loop_
  _space_group_symop_operation_xyz
  'x, y, z'

loop_
  _atom_site_type_symbol
  _atom_site_label
  _atom_site_symmetry_multiplicity
  _atom_site_fract_x
  _atom_site_fract_y
  _atom_site_fract_z
  _atom_site_occupancy
  Li  Li1       1.0  0.827883917512314  0.6215122319659101  0.8259355132005264  1.0000
  Li  Li2       1.0  0.17211608248768545  0.6215122319659103  0.6740644867994733  1.0000
  Li  Li3       1.0  0.17211608248768534  0.3784877680340891  0.17406448679947406  1.0000
  Li  Li4       1.0  0.8278839175123127  0.378487768034089  0.32593551320052616  1.0000
  Li  Li5       1.0  0.32788391751231477  0.12151223196591099  0.8259355132005266  1.0000
  Li  Li6       1.0  0.6721160824876852  0.12151223196591099  0.6740644867994737  1.0000
  Li  Li7       1.0  0.6721160824876852  0.8784877680340888  0.1740644867994742  1.0000
  Li  Li8       1.0  0.3278839175123146  0.8784877680340887  0.32593551320052516  1.0000
  Mg  Mg1       1.0  0.5000000000000002  0.6425964024987083  0.7499999999999994  1.0000
  Mg  Mg2       1.0  0.5000000000000004  0.35740359750129164  0.24999999999999986  1.0000
  Mg  Mg3       1.0  0.9999999999999999  0.14259640249870809  0.7499999999999994  1.0000
  Mg  Mg4       1.0  0.9999999999999999  0.8574035975012892  0.2499999999999998  1.0000
  Cl  Cl1       1.0  0.6202972128072812  0.13870093019027113  0.042399984639373556  1.0000
  Cl  Cl2       1.0  0.3797027871927187  0.13870093019027113  0.4576000153606257  1.0000
  Cl  Cl3       1.0  0.8797027871927184  0.3612990698097282  0.957600015360626  1.0000
  Cl  Cl4       1.0  0.12029721280728153  0.36129906980972815  0.5423999846393734  1.0000
  Cl  Cl5       1.0  0.12029721280728164  0.6387009301902715  0.04239998463937365  1.0000
  Cl  Cl6       1.0  0.8797027871927183  0.6387009301902715  0.45760001536062617  1.0000
  Cl  Cl7       1.0  0.6207332252944968  0.39078184599825166  0.516827812694241  1.0000
  Cl  Cl8       1.0  0.8792667747055032  0.10921815400174774  0.4831721873057572  1.0000
  Cl  Cl9       1.0  0.3792667747055032  0.6092181540017474  0.4831721873057575  1.0000
  Cl  Cl10      1.0  0.6207332252944967  0.6092181540017471  0.0168278126942423  1.0000
  Cl  Cl11      1.0  0.12073322529449622  0.8907818459982519  0.5168278126942422  1.0000
  Cl  Cl12      1.0  0.879266774705505  0.8907818459982522  0.9831721873057573  1.0000
  Cl  Cl13      1.0  0.6202972128072817  0.8612990698097277  0.5423999846393737  1.0000
  Cl  Cl14      1.0  0.12073322529449647  0.10921815400174766  0.016827812694241957  1.0000
  Cl  Cl15      1.0  0.37926677470550274  0.39078184599825194  0.9831721873057567  1.0000
  Cl  Cl16      1.0  0.3797027871927186  0.8612990698097277  0.9576000153606258  1.0000
"
wf_mace_mpa_am20_b3_6572,Li$_{2}$HfCl$_{6}$,$P4_2/mnm$,0.02,1.36,4.28,-0.05,0.4143628250020878,0.10154398680785116,"data_image0
_chemical_formula_structural       Li4Cl12Hf2
_chemical_formula_sum              ""Li4 Cl12 Hf2""
_cell_length_a       6.10532848082736
_cell_length_b       6.105328480827339
_cell_length_c       11.205972299286454
_cell_angle_alpha    90.0
_cell_angle_beta     90.00000000000001
_cell_angle_gamma    90.0

_space_group_name_H-M_alt    ""P 1""
_space_group_IT_number       1

loop_
  _space_group_symop_operation_xyz
  'x, y, z'

loop_
  _atom_site_type_symbol
  _atom_site_label
  _atom_site_symmetry_multiplicity
  _atom_site_fract_x
  _atom_site_fract_y
  _atom_site_fract_z
  _atom_site_occupancy
  Li  Li1       1.0  0.0  0.0  0.6655766910181686  1.0000
  Li  Li2       1.0  0.5  0.49999999999999983  0.16557669101816835  1.0000
  Li  Li3       1.0  0.5000000000000001  0.49999999999999994  0.8344233089818301  1.0000
  Li  Li4       1.0  0.0  0.0  0.3344233089818312  1.0000
  Cl  Cl1       1.0  0.6946732141305033  0.6946732141305036  0.6598200937427792  1.0000
  Cl  Cl2       1.0  0.3053267858694967  0.30532678586949663  0.6598200937427791  1.0000
  Cl  Cl3       1.0  0.8053267858694961  0.1946732141305035  0.15982009374277947  1.0000
  Cl  Cl4       1.0  0.1946732141305035  0.8053267858694962  0.15982009374277953  1.0000
  Cl  Cl5       1.0  0.8053267858694964  0.19467321413050342  0.8401799062572195  1.0000
  Cl  Cl6       1.0  0.19467321413050345  0.8053267858694965  0.8401799062572195  1.0000
  Cl  Cl7       1.0  0.3053267858694966  0.30532678586949646  0.3401799062572203  1.0000
  Cl  Cl8       1.0  0.787131385577909  0.21286861442209123  0.49999999999999956  1.0000
  Cl  Cl9       1.0  0.2128686144220913  0.7871313855779081  0.4999999999999996  1.0000
  Cl  Cl10      1.0  0.7128686144220915  0.7128686144220912  0.0  1.0000
  Cl  Cl11      1.0  0.28713138557790874  0.2871313855779084  2.419878694390399e-32  1.0000
  Cl  Cl12      1.0  0.6946732141305032  0.6946732141305034  0.34017990625721983  1.0000
  Hf  Hf1       1.0  7.042467946012466e-33  7.042467946012469e-33  0.0  1.0000
  Hf  Hf2       1.0  0.5000000000000001  0.49999999999999994  0.49999999999999956  1.0000
"
wf_mace_mpa_am20_b3_18863,LiLaCl$_{4}$,$I4_1/amd$,0.02,0.44,4.28,0.0,0.3969304717215521,0.06035663987695923,"data_image0
_chemical_formula_structural       Li4Cl16La4
_chemical_formula_sum              ""Li4 Cl16 La4""
_cell_length_a       8.957468741339143
_cell_length_b       8.957468741339135
_cell_length_c       8.439923966848475
_cell_angle_alpha    90.0
_cell_angle_beta     90.0
_cell_angle_gamma    90.0

_space_group_name_H-M_alt    ""P 1""
_space_group_IT_number       1

loop_
  _space_group_symop_operation_xyz
  'x, y, z'

loop_
  _atom_site_type_symbol
  _atom_site_label
  _atom_site_symmetry_multiplicity
  _atom_site_fract_x
  _atom_site_fract_y
  _atom_site_fract_z
  _atom_site_occupancy
  Li  Li1       1.0  0.0  0.7499999999999997  0.12499999999999997  1.0000
  Li  Li2       1.0  0.49999999999999994  0.7499999999999999  0.375  1.0000
  Li  Li3       1.0  0.49999999999999983  0.24999999999999978  0.6250000000000001  1.0000
  Li  Li4       1.0  0.0  0.24999999999999992  0.8750000000000002  1.0000
  Cl  Cl1       1.0  0.6846954262788242  0.7499999999999999  0.5727193965902202  1.0000
  Cl  Cl2       1.0  0.8153045737211754  0.24999999999999992  0.07271939659022023  1.0000
  Cl  Cl3       1.0  0.49999999999999983  0.4346954262788238  0.822719396590221  1.0000
  Cl  Cl4       1.0  0.9999999999999999  0.5653045737211753  0.32271939659022036  1.0000
  Cl  Cl5       1.0  0.8153045737211755  0.7499999999999996  0.9272806034097795  1.0000
  Cl  Cl6       1.0  0.6846954262788243  0.2499999999999998  0.4272806034097798  1.0000
  Cl  Cl7       1.0  0.9999999999999999  0.43469542627882385  0.6772806034097799  1.0000
  Cl  Cl8       1.0  0.49999999999999994  0.5653045737211753  0.17728060340977952  1.0000
  Cl  Cl9       1.0  0.18469542627882385  0.24999999999999997  0.07271939659022025  1.0000
  Cl  Cl10      1.0  0.31530457372117593  0.7499999999999999  0.5727193965902202  1.0000
  Cl  Cl11      1.0  3.8767897822655674e-18  0.9346954262788224  0.3227193965902204  1.0000
  Cl  Cl12      1.0  0.4999999999999997  0.06530457372117587  0.822719396590221  1.0000
  Cl  Cl13      1.0  0.31530457372117593  0.24999999999999986  0.4272806034097798  1.0000
  Cl  Cl14      1.0  0.1846954262788241  0.7499999999999997  0.9272806034097795  1.0000
  Cl  Cl15      1.0  0.49999999999999983  0.9346954262788224  0.17728060340977955  1.0000
  Cl  Cl16      1.0  0.9999999999999999  0.06530457372117589  0.6772806034097798  1.0000
  La  La1       1.0  0.9999999999999999  0.24999999999999997  0.375  1.0000
  La  La2       1.0  0.0  0.7499999999999997  0.6250000000000001  1.0000
  La  La3       1.0  0.49999999999999994  0.7499999999999999  0.8750000000000002  1.0000
  La  La4       1.0  0.49999999999999983  0.2499999999999998  0.12499999999999989  1.0000
"
wf_mace_mpa_am20_b3_14424,Li$_{3}$AlF$_{6}$,$C2/m$,0.04,1.06,6.44,-0.01,0.3493359185575502,0.07489290153168146,"data_image0
_chemical_formula_structural       Li6F12Al2
_chemical_formula_sum              ""Li6 F12 Al2""
_cell_length_a       4.9231096473730815
_cell_length_b       8.993664191522607
_cell_length_c       6.011266029530339
_cell_angle_alpha    89.99999999999999
_cell_angle_beta     53.0295830830031
_cell_angle_gamma    90.00000000000003

_space_group_name_H-M_alt    ""P 1""
_space_group_IT_number       1

loop_
  _space_group_symop_operation_xyz
  'x, y, z'

loop_
  _atom_site_type_symbol
  _atom_site_label
  _atom_site_symmetry_multiplicity
  _atom_site_fract_x
  _atom_site_fract_y
  _atom_site_fract_z
  _atom_site_occupancy
  Li  Li1       1.0  0.0  0.0  0.0  1.0000
  Li  Li2       1.0  0.4999999999999997  0.49999999999999994  9.051127696250087e-17  1.0000
  Li  Li3       1.0  0.9999999999999999  0.326011579745751  0.4999999999999995  1.0000
  Li  Li4       1.0  2.462185251633702e-16  0.6739884202542482  0.49999999999999933  1.0000
  Li  Li5       1.0  0.4999999999999993  0.8260115797457491  0.49999999999999933  1.0000
  Li  Li6       1.0  0.49999999999999845  0.17398842025424902  0.4999999999999997  1.0000
  F   F1        1.0  0.005941981278443463  0.14384923679108372  0.7109012041553969  1.0000
  F   F2        1.0  0.9940580187215539  0.14384923679108402  0.28909879584460224  1.0000
  F   F3        1.0  0.9940580187215547  0.8561507632089164  0.28909879584460213  1.0000
  F   F4        1.0  0.005941981278443734  0.8561507632089161  0.7109012041553975  1.0000
  F   F5        1.0  0.5059419812784423  0.6438492367910836  0.7109012041553969  1.0000
  F   F6        1.0  0.49405801872155636  0.6438492367910835  0.289098795844602  1.0000
  F   F7        1.0  0.9708961847118132  0.49999999999999983  0.28684073628594375  1.0000
  F   F8        1.0  0.5059419812784423  0.35615076320891575  0.7109012041553973  1.0000
  F   F9        1.0  0.02910381528819006  0.49999999999999983  0.7131592637140538  1.0000
  F   F10       1.0  0.47089618471180583  0.0  0.28684073628594553  1.0000
  F   F11       1.0  0.5291038152881885  0.0  0.7131592637140559  1.0000
  F   F12       1.0  0.4940580187215563  0.35615076320891575  0.2890987958446021  1.0000
  Al  Al1       1.0  0.9999999999999996  0.0  0.4999999999999998  1.0000
  Al  Al2       1.0  0.499999999999999  0.49999999999999983  0.4999999999999995  1.0000
"
wf_mace_mpa_am20_b3_13513,Li$_{2}$SO$_{4}$,$I4_1/amd$,0.16,1.63,4.61,0.0,0.32892860689880227,0.12131826798764235,"data_image0
_chemical_formula_structural       Li8O16S4
_chemical_formula_sum              ""Li8 O16 S4""
_cell_length_a       5.174979370127937
_cell_length_b       5.174979370127937
_cell_length_c       12.619713214180026
_cell_angle_alpha    90.0
_cell_angle_beta     90.0
_cell_angle_gamma    90.0

_space_group_name_H-M_alt    ""P 1""
_space_group_IT_number       1

loop_
  _space_group_symop_operation_xyz
  'x, y, z'

loop_
  _atom_site_type_symbol
  _atom_site_label
  _atom_site_symmetry_multiplicity
  _atom_site_fract_x
  _atom_site_fract_y
  _atom_site_fract_z
  _atom_site_occupancy
  Li  Li1       1.0  2.472894048593211e-31  8.401493224197051e-32  5.19884659193197e-32  1.0000
  Li  Li2       1.0  0.5000000000000001  0.0  0.5000000000000001  1.0000
  Li  Li3       1.0  0.2500000000000001  0.75  0.25000000000000006  1.0000
  Li  Li4       1.0  0.2500000000000002  0.2500000000000001  0.7499999999999996  1.0000
  Li  Li5       1.0  0.5000000000000002  0.5  0.5000000000000001  1.0000
  Li  Li6       1.0  1.1008809936828735e-16  0.5  0.0  1.0000
  Li  Li7       1.0  0.7500000000000003  0.24999999999999994  0.7499999999999996  1.0000
  Li  Li8       1.0  0.7500000000000006  0.75  0.25000000000000006  1.0000
  O   O1        1.0  0.23678185256641823  0.75  0.5576169361611849  1.0000
  O   O2        1.0  0.26321814743358235  0.25  0.0576169361611848  1.0000
  O   O3        1.0  0.5000000000000003  0.9867818525664188  0.8076169361611856  1.0000
  O   O4        1.0  0.0  0.013218147433582019  0.30761693616118485  1.0000
  O   O5        1.0  0.2632181474335824  0.75  0.9423830638388146  1.0000
  O   O6        1.0  0.2367818525664182  0.25  0.4423830638388151  1.0000
  O   O7        1.0  2.0977238537956256e-16  0.9867818525664188  0.6923830638388145  1.0000
  O   O8        1.0  0.5000000000000001  0.013218147433581996  0.1923830638388152  1.0000
  O   O9        1.0  1.100880993682874e-16  0.48678185256641804  0.30761693616118485  1.0000
  O   O10       1.0  0.7632181474335823  0.7499999999999999  0.5576169361611849  1.0000
  O   O11       1.0  0.5000000000000002  0.5132181474335817  0.8076169361611856  1.0000
  O   O12       1.0  0.7632181474335823  0.25000000000000006  0.4423830638388151  1.0000
  O   O13       1.0  0.7367818525664185  0.7499999999999999  0.9423830638388146  1.0000
  O   O14       1.0  0.5000000000000003  0.48678185256641815  0.19238306383881523  1.0000
  O   O15       1.0  6.544786304115547e-17  0.5132181474335817  0.6923830638388145  1.0000
  O   O16       1.0  0.7367818525664184  0.25000000000000006  0.057616936161184754  1.0000
  S   S1        1.0  0.5000000000000003  0.75  0.8749999999999993  1.0000
  S   S2        1.0  1.1008809936828719e-16  0.25  0.3749999999999998  1.0000
  S   S3        1.0  1.9265417389450297e-16  0.75  0.6249999999999998  1.0000
  S   S4        1.0  0.5000000000000002  0.24999999999999994  0.12500000000000003  1.0000
"
wf_mace_mpa_am20_b3_41608,Li$_{2}$ZrCl$_{6}$,$C2/c$,0.01,1.79,4.28,-0.02,0.28002220067741834,0.0449610295945732,"data_image0
_chemical_formula_structural       Li8Cl24Zr4
_chemical_formula_sum              ""Li8 Cl24 Zr4""
_cell_length_a       6.716164390258516
_cell_length_b       11.112368162268277
_cell_length_c       12.349811436296568
_cell_angle_alpha    90.00000000000001
_cell_angle_beta     98.14864852758235
_cell_angle_gamma    90.0

_space_group_name_H-M_alt    ""P 1""
_space_group_IT_number       1

loop_
  _space_group_symop_operation_xyz
  'x, y, z'

loop_
  _atom_site_type_symbol
  _atom_site_label
  _atom_site_symmetry_multiplicity
  _atom_site_fract_x
  _atom_site_fract_y
  _atom_site_fract_z
  _atom_site_occupancy
  Li  Li1       1.0  0.24999999999999994  0.25000000000000017  0.0  1.0000
  Li  Li2       1.0  0.7500000000000001  0.2500000000000004  0.4999999999999988  1.0000
  Li  Li3       1.0  0.7500000000000001  0.7500000000000017  7.213134942271676e-17  1.0000
  Li  Li4       1.0  0.2500000000000001  0.7500000000000017  0.4999999999999989  1.0000
  Li  Li5       1.0  0.0  0.928347567974529  0.24999999999999956  1.0000
  Li  Li6       1.0  0.0  0.07165243202547167  0.7499999999999997  1.0000
  Li  Li7       1.0  0.4999999999999992  0.4283475679745296  0.24999999999999967  1.0000
  Li  Li8       1.0  0.4999999999999993  0.5716524320254711  0.7499999999999979  1.0000
  Cl  Cl1       1.0  0.8550147403001012  0.44052611916478945  0.36285504313489947  1.0000
  Cl  Cl2       1.0  0.1449852596998998  0.4405261191647891  0.13714495686509842  1.0000
  Cl  Cl3       1.0  0.9211475115071897  0.24195420238145593  0.8765806819658768  1.0000
  Cl  Cl4       1.0  0.07885248849280953  0.24195420238145574  0.6234193180341201  1.0000
  Cl  Cl5       1.0  0.07885248849280965  0.7580457976185433  0.1234193180341207  1.0000
  Cl  Cl6       1.0  0.5788524884928091  0.25804579761854474  0.12341931803412098  1.0000
  Cl  Cl7       1.0  0.4211475115071891  0.741954202381457  0.876580681965879  1.0000
  Cl  Cl8       1.0  0.5788524884928106  0.7419542023814572  0.6234193180341199  1.0000
  Cl  Cl9       1.0  0.8550147403000978  0.559473880835211  0.8628550431348995  1.0000
  Cl  Cl10      1.0  0.42114751150718976  0.25804579761854446  0.37658068196587857  1.0000
  Cl  Cl11      1.0  0.9211475115071913  0.7580457976185433  0.37658068196587774  1.0000
  Cl  Cl12      1.0  0.14498525969990006  0.5594738808352111  0.6371449568650984  1.0000
  Cl  Cl13      1.0  0.3550147403000995  0.05947388083521021  0.8628550431348981  1.0000
  Cl  Cl14      1.0  0.3550147403000998  0.94052611916479  0.36285504313490036  1.0000
  Cl  Cl15      1.0  0.6449852596999004  0.05947388083521021  0.6371449568650991  1.0000
  Cl  Cl16      1.0  0.6601314678633704  0.40525422484252194  0.6364432640236919  1.0000
  Cl  Cl17      1.0  0.33986853213662904  0.40525422484252194  0.8635567359763034  1.0000
  Cl  Cl18      1.0  0.3398685321366291  0.5947457751574784  0.3635567359763054  1.0000
  Cl  Cl19      1.0  0.66013146786337  0.5947457751574787  0.13644326402369356  1.0000
  Cl  Cl20      1.0  0.16013146786337087  0.9052542248425217  0.6364432640236923  1.0000
  Cl  Cl21      1.0  0.839868532136629  0.9052542248425217  0.863556735976304  1.0000
  Cl  Cl22      1.0  0.8398685321366305  0.09474577515747883  0.36355673597630556  1.0000
  Cl  Cl23      1.0  0.16013146786337085  0.09474577515747891  0.13644326402369353  1.0000
  Cl  Cl24      1.0  0.6449852596998994  0.9405261191647899  0.13714495686509837  1.0000
  Zr  Zr1       1.0  0.4999999999999991  0.09207379738423076  0.2499999999999997  1.0000
  Zr  Zr2       1.0  0.9999999999999999  0.5920737973842308  0.24999999999999967  1.0000
  Zr  Zr3       1.0  0.0  0.4079262026157701  0.7499999999999994  1.0000
  Zr  Zr4       1.0  0.499999999999999  0.9079262026157711  0.7499999999999979  1.0000
"
wf_mace_mpa_am20_b3_31729,Li$_{3}$GaCl$_{6}$,$R3$,0.05,2.14,4.28,0.0,0.27566810674935427,0.04414885091332918,"data_image0
_chemical_formula_structural       Li9Cl18Ga3
_chemical_formula_sum              ""Li9 Cl18 Ga3""
_cell_length_a       6.295237904806585
_cell_length_b       6.2952379048065845
_cell_length_c       18.238606255720427
_cell_angle_alpha    90.00000000000009
_cell_angle_beta     89.99999999999999
_cell_angle_gamma    119.99999999999999

_space_group_name_H-M_alt    ""P 1""
_space_group_IT_number       1

loop_
  _space_group_symop_operation_xyz
  'x, y, z'

loop_
  _atom_site_type_symbol
  _atom_site_label
  _atom_site_symmetry_multiplicity
  _atom_site_fract_x
  _atom_site_fract_y
  _atom_site_fract_z
  _atom_site_occupancy
  Li  Li1       1.0  2.1703964672286994e-17  1.0851982336143898e-17  0.2103644927124575  1.0000
  Li  Li2       1.0  0.6666666666666672  0.33333333333333337  0.04561743508941925  1.0000
  Li  Li3       1.0  5.952463492371867e-17  2.97623174618582e-17  0.7122841017560855  1.0000
  Li  Li4       1.0  0.3333333333333336  0.6666666666666666  0.5569997650228171  1.0000
  Li  Li5       1.0  0.33333333333333354  0.6666666666666666  0.3789507684227527  1.0000
  Li  Li6       1.0  8.054918076006991e-17  4.0274590380035126e-17  0.890333098356151  1.0000
  Li  Li7       1.0  0.3333333333333335  0.6666666666666666  0.8770311593791238  1.0000
  Li  Li8       1.0  0.6666666666666672  0.3333333333333333  0.5436978260457908  1.0000
  Li  Li9       1.0  0.6666666666666672  0.3333333333333333  0.22366643168948414  1.0000
  Cl  Cl1       1.0  0.03239986932754099  0.35835390933006933  0.2855582882124964  1.0000
  Cl  Cl2       1.0  0.9749794240032646  0.3407126266641384  0.9522249548791635  1.0000
  Cl  Cl3       1.0  0.3657332026608741  0.025020575996735767  0.952224954879163  1.0000
  Cl  Cl4       1.0  0.6592873733358626  0.6342667973391258  0.9522249548791635  1.0000
  Cl  Cl5       1.0  0.30831275733659713  0.007379293330804794  0.6188916215458297  1.0000
  Cl  Cl6       1.0  0.699066535994208  0.6916872426634029  0.6188916215458296  1.0000
  Cl  Cl7       1.0  0.9926207066691951  0.3009334640057923  0.6188916215458296  1.0000
  Cl  Cl8       1.0  0.6416460906699304  0.6740459599974713  0.28555828821249635  1.0000
  Cl  Cl9       1.0  0.32595404000252826  0.9676001306724586  0.2855582882124964  1.0000
  Cl  Cl10      1.0  0.6762929921655605  0.98971516637808  0.4679316940845236  1.0000
  Cl  Cl11      1.0  0.9800888408791865  0.6570403411677728  0.8012650274178568  1.0000
  Cl  Cl12      1.0  0.6769515002885861  0.019911159120813204  0.8012650274178568  1.0000
  Cl  Cl13      1.0  0.31342217421252  0.32370700783443956  0.4679316940845236  1.0000
  Cl  Cl14      1.0  0.01028483362191952  0.6865778257874802  0.46793169408452373  1.0000
  Cl  Cl15      1.0  0.009626325498894417  0.6563818330447471  0.1345983607511901  1.0000
  Cl  Cl16      1.0  0.6467555075458531  0.9903736745011062  0.13459836075119014  1.0000
  Cl  Cl17      1.0  0.34361816695525305  0.35324449245414685  0.13459836075119014  1.0000
  Cl  Cl18      1.0  0.34295965883222723  0.32304849971141364  0.8012650274178567  1.0000
  Ga  Ga1       1.0  0.6666666666666671  0.3333333333333333  0.8709277225866915  1.0000
  Ga  Ga2       1.0  5.025945335599726e-17  2.5129726677999203e-17  0.5375943892533573  1.0000
  Ga  Ga3       1.0  0.33333333333333354  0.6666666666666666  0.20426105592002422  1.0000
"
wf_mace_mpa_am20_b3_5602,Li$_{2}$ZrCl$_{6}$,$C2$,0.0,1.79,4.28,-0.02,0.2678353255014678,0.044332786960434974,"data_image0
_chemical_formula_structural       Li4Cl12Zr2
_chemical_formula_sum              ""Li4 Cl12 Zr2""
_cell_length_a       6.842570083390362
_cell_length_b       11.218783331852798
_cell_length_c       6.578014941134856
_cell_angle_alpha    90.0
_cell_angle_beta     108.87252859991578
_cell_angle_gamma    90.0

_space_group_name_H-M_alt    ""P 1""
_space_group_IT_number       1

loop_
  _space_group_symop_operation_xyz
  'x, y, z'

loop_
  _atom_site_type_symbol
  _atom_site_label
  _atom_site_symmetry_multiplicity
  _atom_site_fract_x
  _atom_site_fract_y
  _atom_site_fract_z
  _atom_site_occupancy
  Li  Li1       1.0  0.0  0.8001212493908922  0.0  1.0000
  Li  Li2       1.0  0.5000000000000003  0.30012124939089335  5.2113262731199677e-17  1.0000
  Li  Li3       1.0  0.9999999999999999  0.012544353903142458  0.4999999999999996  1.0000
  Li  Li4       1.0  0.5000000000000004  0.5125443539031421  0.4999999999999994  1.0000
  Cl  Cl1       1.0  0.7548176180742664  0.283604882610023  0.7763972909920445  1.0000
  Cl  Cl2       1.0  0.24518238192573472  0.2836048826100229  0.2236027090079543  1.0000
  Cl  Cl3       1.0  0.2548176180742653  0.7836048826100227  0.7763972909920449  1.0000
  Cl  Cl4       1.0  0.7451823819257356  0.7836048826100226  0.22360270900795448  1.0000
  Cl  Cl5       1.0  0.3161473781472243  0.4711200602220545  0.7541568026869896  1.0000
  Cl  Cl6       1.0  0.6838526218527756  0.47112006022205455  0.24584319731300927  1.0000
  Cl  Cl7       1.0  0.18385262185277584  0.9711200602220551  0.24584319731300927  1.0000
  Cl  Cl8       1.0  0.2653135204754154  0.6384287172511085  0.22568853256229518  1.0000
  Cl  Cl9       1.0  0.7346864795245843  0.6384287172511077  0.774311467437704  1.0000
  Cl  Cl10      1.0  0.765313520475416  0.13842871725110834  0.2256885325622952  1.0000
  Cl  Cl11      1.0  0.23468647952458432  0.13842871725110809  0.7743114674377037  1.0000
  Cl  Cl12      1.0  0.8161473781472242  0.971120060222055  0.7541568026869894  1.0000
  Zr  Zr1       1.0  0.9999999999999999  0.1400760331863571  0.0  1.0000
  Zr  Zr2       1.0  0.5000000000000002  0.640076033186357  5.2113262731199677e-17  1.0000
"
wf_mace_mpa_am20_b3_42002,LiYCl$_{4}$,$Pc$,0.02,0.64,4.28,0.0,0.1931593088860507,0.04486901979875791,"data_image0
_chemical_formula_structural       Li2Cl8Y2
_chemical_formula_sum              ""Li2 Cl8 Y2""
_cell_length_a       6.548873503744701
_cell_length_b       7.994204596443054
_cell_length_c       6.8776509338920295
_cell_angle_alpha    90.0
_cell_angle_beta     73.24291743098354
_cell_angle_gamma    90.0

_space_group_name_H-M_alt    ""P 1""
_space_group_IT_number       1

loop_
  _space_group_symop_operation_xyz
  'x, y, z'

loop_
  _atom_site_type_symbol
  _atom_site_label
  _atom_site_symmetry_multiplicity
  _atom_site_fract_x
  _atom_site_fract_y
  _atom_site_fract_z
  _atom_site_occupancy
  Li  Li1       1.0  0.004213299965849293  0.0003585523221076062  0.9052472756282064  1.0000
  Li  Li2       1.0  0.004213299965848183  0.999641447677893  0.40524727562820667  1.0000
  Cl  Cl1       1.0  0.228191101749392  0.13204071250531735  0.5941084546131813  1.0000
  Cl  Cl2       1.0  0.22819110174939194  0.8679592874946814  0.09410845461318142  1.0000
  Cl  Cl3       1.0  0.7353148703973421  0.5985480125534842  0.16341865568021072  1.0000
  Cl  Cl4       1.0  0.7353148703973428  0.4014519874465151  0.6634186556802113  1.0000
  Cl  Cl5       1.0  0.7770445766694061  0.12645038584460314  0.22068922148671777  1.0000
  Cl  Cl6       1.0  0.7770445766694065  0.8735496141553978  0.720689221486718  1.0000
  Cl  Cl7       1.0  0.28146601527752846  0.39497879340173353  0.14081915053695493  1.0000
  Cl  Cl8       1.0  0.2814660152775276  0.605021206598265  0.6408191505369556  1.0000
  Y   Y1        1.0  0.505414245107101  0.36126971544704056  0.4054802510578082  1.0000
  Y   Y2        1.0  0.5054142451071012  0.6387302845529594  0.9054802510578067  1.0000
"
wf_mace_mpa_am20_b3_25956,LiMgCl$_{3}$,$C2/m$,0.01,0.87,4.28,0.0,0.17086522517674155,0.04342830652285045,"data_image0
_chemical_formula_structural       Li4Mg4Cl12
_chemical_formula_sum              ""Li4 Mg4 Cl12""
_cell_length_a       6.424105424708994
_cell_length_b       10.953419282407923
_cell_length_c       6.4642571179902495
_cell_angle_alpha    90.00000000000001
_cell_angle_beta     70.24278212401627
_cell_angle_gamma    90.0

_space_group_name_H-M_alt    ""P 1""
_space_group_IT_number       1

loop_
  _space_group_symop_operation_xyz
  'x, y, z'

loop_
  _atom_site_type_symbol
  _atom_site_label
  _atom_site_symmetry_multiplicity
  _atom_site_fract_x
  _atom_site_fract_y
  _atom_site_fract_z
  _atom_site_occupancy
  Li  Li1       1.0  0.0  0.0  0.0  1.0000
  Li  Li2       1.0  0.5000000000000001  0.5000000000000002  0.0  1.0000
  Li  Li3       1.0  0.9999999999999998  0.5000000000000002  0.500000000000001  1.0000
  Li  Li4       1.0  0.5000000000000002  0.0  0.500000000000001  1.0000
  Mg  Mg1       1.0  1.1978538520179563e-17  0.6667879965168667  4.951252736830906e-19  1.0000
  Mg  Mg2       1.0  4.0899659913977286e-18  0.3332120034831331  0.0  1.0000
  Mg  Mg3       1.0  0.5000000000000001  0.8332120034831327  0.0  1.0000
  Mg  Mg4       1.0  0.5000000000000001  0.166787996516867  0.0  1.0000
  Cl  Cl1       1.0  0.2496722761848199  0.33457977032030545  0.22431678890215817  1.0000
  Cl  Cl2       1.0  0.2503277238151806  0.16542022967969458  0.7756832110978427  1.0000
  Cl  Cl3       1.0  0.7503277238151805  0.665420229679695  0.7756832110978437  1.0000
  Cl  Cl4       1.0  0.24967227618481985  0.6654202296796952  0.22431678890215823  1.0000
  Cl  Cl5       1.0  0.7245204709032258  0.0  0.7585246548754144  1.0000
  Cl  Cl6       1.0  0.2754795290967742  0.0  0.24147534512458677  1.0000
  Cl  Cl7       1.0  0.22452047090322635  0.5000000000000002  0.7585246548754133  1.0000
  Cl  Cl8       1.0  0.775479529096775  0.5000000000000002  0.2414753451245869  1.0000
  Cl  Cl9       1.0  0.2503277238151807  0.8345797703203054  0.7756832110978428  1.0000
  Cl  Cl10      1.0  0.7496722761848201  0.8345797703203057  0.22431678890215914  1.0000
  Cl  Cl11      1.0  0.7496722761848201  0.16542022967969458  0.22431678890215917  1.0000
  Cl  Cl12      1.0  0.7503277238151804  0.3345797703203053  0.7756832110978437  1.0000
"
wf_mace_mpa_am20_b3_39841,Li$_{5}$AlF$_{8}$,$P1$,0.05,1.06,6.34,-0.01,0.1457505213210951,0.0482894149410214,"data_image0
_chemical_formula_structural       Li5F8Al
_chemical_formula_sum              ""Li5 F8 Al1""
_cell_length_a       4.92746326328003
_cell_length_b       5.11676573802821
_cell_length_c       5.899503089631122
_cell_angle_alpha    84.04467149635373
_cell_angle_beta     99.92193039729142
_cell_angle_gamma    80.3312807065574

_space_group_name_H-M_alt    ""P 1""
_space_group_IT_number       1

loop_
  _space_group_symop_operation_xyz
  'x, y, z'

loop_
  _atom_site_type_symbol
  _atom_site_label
  _atom_site_symmetry_multiplicity
  _atom_site_fract_x
  _atom_site_fract_y
  _atom_site_fract_z
  _atom_site_occupancy
  Li  Li1       1.0  0.03770513343829518  0.554863470540003  0.598758122919819  1.0000
  Li  Li2       1.0  0.9870522697325372  0.06680181294990795  0.8017978628768798  1.0000
  Li  Li3       1.0  0.5250999584883222  0.8629104331392604  0.2502604436601125  1.0000
  Li  Li4       1.0  0.5120004834346664  0.2865951499654432  0.4455710343725747  1.0000
  Li  Li5       1.0  0.5063943061046747  0.8522609932953257  0.761277326975805  1.0000
  F   F1        1.0  0.26595019071819337  0.22070335645070774  0.16384723957594716  1.0000
  F   F2        1.0  0.8049891173499597  0.45766881276973603  0.3080909526152187  1.0000
  F   F3        1.0  0.27421333534022857  0.1934327354493213  0.664549685569398  1.0000
  F   F4        1.0  0.7820474607491221  0.8678740062678563  0.03163292525940937  1.0000
  F   F5        1.0  0.2525844995982213  0.6511354979788834  0.3453078018959491  1.0000
  F   F6        1.0  0.741073593134424  0.9257410400272992  0.5441499565425459  1.0000
  F   F7        1.0  0.8234196711520626  0.43348212792465224  0.8474160594621659  1.0000
  F   F8        1.0  0.2269743993989017  0.6942691040197503  0.8987454841931146  1.0000
  Al  Al1       1.0  0.025590913764152345  0.5386021464133092  0.10117876480313943  1.0000
"
wf_mace_mpa_am20_b3_41298,Li$_{2}$ZrCl$_{6}$,$C2/m$,0.0,1.7,4.32,-0.01,0.13277443302442146,0.03590325800525742,"data_image0
_chemical_formula_structural       Li4Cl12Zr2
_chemical_formula_sum              ""Li4 Cl12 Zr2""
_cell_length_a       6.462795596845663
_cell_length_b       11.185008337218383
_cell_length_c       7.957393051315425
_cell_angle_alpha    90.0
_cell_angle_beta     54.458773700865024
_cell_angle_gamma    90.0

_space_group_name_H-M_alt    ""P 1""
_space_group_IT_number       1

loop_
  _space_group_symop_operation_xyz
  'x, y, z'

loop_
  _atom_site_type_symbol
  _atom_site_label
  _atom_site_symmetry_multiplicity
  _atom_site_fract_x
  _atom_site_fract_y
  _atom_site_fract_z
  _atom_site_occupancy
  Li  Li1       1.0  0.0  0.8316329020064738  0.49999999999999983  1.0000
  Li  Li2       1.0  0.0  0.16836709799352606  0.4999999999999999  1.0000
  Li  Li3       1.0  0.49999999999999933  0.3316329020064739  0.5000000000000003  1.0000
  Li  Li4       1.0  0.49999999999999933  0.6683670979935264  0.5000000000000003  1.0000
  Cl  Cl1       1.0  0.9749066191036361  0.9999999999999999  0.28347336736469986  1.0000
  Cl  Cl2       1.0  0.025093380896362927  0.9999999999999999  0.716526632635301  1.0000
  Cl  Cl3       1.0  0.49392173831359915  0.1605039846160311  0.2840159726892684  1.0000
  Cl  Cl4       1.0  0.5060782616864  0.16050398461603108  0.7159840273107319  1.0000
  Cl  Cl5       1.0  0.5060782616864  0.8394960153839687  0.7159840273107317  1.0000
  Cl  Cl6       1.0  0.49392173831359915  0.8394960153839687  0.2840159726892687  1.0000
  Cl  Cl7       1.0  0.006078261686400581  0.6605039846160313  0.7159840273107314  1.0000
  Cl  Cl8       1.0  0.5250933808963635  0.49999999999999994  0.7165266326353003  1.0000
  Cl  Cl9       1.0  0.006078261686400581  0.33949601538396884  0.7159840273107315  1.0000
  Cl  Cl10      1.0  0.9939217383135985  0.3394960153839688  0.2840159726892686  1.0000
  Cl  Cl11      1.0  0.9939217383135985  0.6605039846160313  0.2840159726892686  1.0000
  Cl  Cl12      1.0  0.4749066191036356  0.49999999999999994  0.2834733673646997  1.0000
  Zr  Zr1       1.0  0.49999999999999933  0.9999999999999999  0.5000000000000003  1.0000
  Zr  Zr2       1.0  0.0  0.49999999999999994  0.4999999999999999  1.0000
"
wf_mace_mpa_am20_b3_29505,Li$_{3}$GaF$_{6}$,$C2/c$,0.04,2.26,6.51,0.0,0.10605046958661747,0.020551929604737833,"data_image0
_chemical_formula_structural       Li12F24Ga4
_chemical_formula_sum              ""Li12 F24 Ga4""
_cell_length_a       8.278984655487479
_cell_length_b       5.97311096118759
_cell_length_c       9.832658958359119
_cell_angle_alpha    90.0
_cell_angle_beta     64.9823042953948
_cell_angle_gamma    90.0

_space_group_name_H-M_alt    ""P 1""
_space_group_IT_number       1

loop_
  _space_group_symop_operation_xyz
  'x, y, z'

loop_
  _atom_site_type_symbol
  _atom_site_label
  _atom_site_symmetry_multiplicity
  _atom_site_fract_x
  _atom_site_fract_y
  _atom_site_fract_z
  _atom_site_occupancy
  Li  Li1       1.0  0.8326641352983245  0.12237217396467139  0.5843065269280778  1.0000
  Li  Li2       1.0  0.5000000000000003  0.12477862790219385  0.2499999999999998  1.0000
  Li  Li3       1.0  1.363758935295828e-16  0.37522137209780765  0.7500000000000012  1.0000
  Li  Li4       1.0  0.9999999999999999  0.6247786279021927  0.2500000000000002  1.0000
  Li  Li5       1.0  0.3326641352983232  0.377627826035329  0.0843065269280781  1.0000
  Li  Li6       1.0  0.6673358647016765  0.37762782603532913  0.4156934730719221  1.0000
  Li  Li7       1.0  0.5000000000000004  0.8752213720978071  0.7500000000000008  1.0000
  Li  Li8       1.0  0.33266413529832367  0.6223721739646714  0.5843065269280793  1.0000
  Li  Li9       1.0  0.8326641352983244  0.8776278260353291  0.08430652692807734  1.0000
  Li  Li10      1.0  0.16733586470167647  0.8776278260353294  0.4156934730719224  1.0000
  Li  Li11      1.0  0.16733586470167658  0.12237217396467145  0.9156934730719237  1.0000
  Li  Li12      1.0  0.667335864701677  0.6223721739646715  0.9156934730719237  1.0000
  F   F1        1.0  0.5897681739390039  0.8511986627451453  0.1000679706666559  1.0000
  F   F2        1.0  0.41023182606099595  0.8511986627451451  0.39993202933334454  1.0000
  F   F3        1.0  0.7646243748728581  0.12323394407374089  0.25005072453823807  1.0000
  F   F4        1.0  0.2353756251271424  0.12323394407374066  0.24994927546176213  1.0000
  F   F5        1.0  0.23537562512714266  0.8767660559262608  0.7499492754617632  1.0000
  F   F6        1.0  0.2646243748728575  0.6232339440737394  0.25005072453823846  1.0000
  F   F7        1.0  0.7353756251271435  0.6232339440737393  0.24994927546176227  1.0000
  F   F8        1.0  0.7353756251271428  0.3767660559262606  0.7499492754617633  1.0000
  F   F9        1.0  0.26462437487285756  0.3767660559262606  0.7500507245382391  1.0000
  F   F10       1.0  0.5897681739390046  0.1488013372548554  0.6000679706666554  1.0000
  F   F11       1.0  0.7646243748728581  0.8767660559262607  0.7500507245382384  1.0000
  F   F12       1.0  0.4102318260609961  0.14880133725485542  0.8999320293333469  1.0000
  F   F13       1.0  0.059382668980568785  0.10419230532069346  0.6000507439391198  1.0000
  F   F14       1.0  0.08976817393900403  0.3511986627451448  0.10006797066665568  1.0000
  F   F15       1.0  0.08976817393900437  0.6488013372548557  0.6000679706666566  1.0000
  F   F16       1.0  0.9102318260609972  0.6488013372548554  0.899932029333346  1.0000
  F   F17       1.0  0.9406173310194316  0.10419230532069337  0.8999492560608799  1.0000
  F   F18       1.0  0.9406173310194317  0.8958076946793074  0.399949256060881  1.0000
  F   F19       1.0  0.05938266898056874  0.8958076946793073  0.10005074393912028  1.0000
  F   F20       1.0  0.5593826689805692  0.604192305320694  0.60005074393912  1.0000
  F   F21       1.0  0.4406173310194314  0.6041923053206937  0.8999492560608802  1.0000
  F   F22       1.0  0.44061733101943135  0.3958076946793063  0.3999492560608814  1.0000
  F   F23       1.0  0.5593826689805693  0.3958076946793065  0.10005074393912006  1.0000
  F   F24       1.0  0.9102318260609964  0.3511986627451448  0.3999320293333448  1.0000
  Ga  Ga1       1.0  0.5000000000000003  0.62373483151897  0.24999999999999986  1.0000
  Ga  Ga2       1.0  0.9999999999999999  0.12373483151896969  0.2500000000000003  1.0000
  Ga  Ga3       1.0  1.4536947495199304e-16  0.8762651684810316  0.7500000000000011  1.0000
  Ga  Ga4       1.0  0.5000000000000004  0.37626516848103037  0.7500000000000008  1.0000
"
wf_mace_mpa_am20_b3_18253,Li$_{2}$ZrCl$_{6}$,$C2/c$,0.02,1.79,4.28,-0.02,0.10424642887250324,0.03671355164761336,"data_image0
_chemical_formula_structural       Li8Cl24Zr4
_chemical_formula_sum              ""Li8 Cl24 Zr4""
_cell_length_a       6.747688742948639
_cell_length_b       11.567629143295465
_cell_length_c       12.765471909271284
_cell_angle_alpha    90.0
_cell_angle_beta     109.97271668853426
_cell_angle_gamma    90.0

_space_group_name_H-M_alt    ""P 1""
_space_group_IT_number       1

loop_
  _space_group_symop_operation_xyz
  'x, y, z'

loop_
  _atom_site_type_symbol
  _atom_site_label
  _atom_site_symmetry_multiplicity
  _atom_site_fract_x
  _atom_site_fract_y
  _atom_site_fract_z
  _atom_site_occupancy
  Li  Li1       1.0  0.0  0.1400052375067558  0.25000000000000006  1.0000
  Li  Li2       1.0  0.9999999999999998  0.8599947624932437  0.7499999999999998  1.0000
  Li  Li3       1.0  0.5000000000000006  0.6400052375067562  0.25000000000000006  1.0000
  Li  Li4       1.0  0.5000000000000002  0.35999476249324447  0.75  1.0000
  Li  Li5       1.0  3.6002948804576656e-17  0.845388841247015  0.25  1.0000
  Li  Li6       1.0  0.9999999999999998  0.15461115875298626  0.7499999999999998  1.0000
  Li  Li7       1.0  0.5000000000000006  0.3453888412470136  0.2500000000000001  1.0000
  Li  Li8       1.0  0.5000000000000002  0.6546111587529868  0.7499999999999998  1.0000
  Cl  Cl1       1.0  0.20179020228313194  0.8403041509027916  0.12181067424352741  1.0000
  Cl  Cl2       1.0  0.7982097977168715  0.8403041509027915  0.37818932575647257  1.0000
  Cl  Cl3       1.0  0.766997933113565  0.001529467755963669  0.6162795140874131  1.0000
  Cl  Cl4       1.0  0.23300206688643624  0.0015294677559637491  0.8837204859125875  1.0000
  Cl  Cl5       1.0  0.23300206688643602  0.9984705322440371  0.3837204859125856  1.0000
  Cl  Cl6       1.0  0.7330020668864375  0.49847053224403576  0.38372048591258634  1.0000
  Cl  Cl7       1.0  0.2669979331135646  0.5015294677559643  0.6162795140874127  1.0000
  Cl  Cl8       1.0  0.7330020668864384  0.5015294677559643  0.8837204859125875  1.0000
  Cl  Cl9       1.0  0.20179020228313158  0.15969584909720852  0.6218106742435274  1.0000
  Cl  Cl10      1.0  0.2669979331135644  0.4984705322440359  0.1162795140874136  1.0000
  Cl  Cl11      1.0  0.7669979331135648  0.9984705322440371  0.11627951408741373  1.0000
  Cl  Cl12      1.0  0.79820979771687  0.15969584909720852  0.8781893257564719  1.0000
  Cl  Cl13      1.0  0.7017902022831326  0.6596958490972089  0.6218106742435271  1.0000
  Cl  Cl14      1.0  0.7017902022831323  0.34030415090279187  0.1218106742435273  1.0000
  Cl  Cl15      1.0  0.29820979771686856  0.6596958490972089  0.8781893257564732  1.0000
  Cl  Cl16      1.0  0.7218533026089496  0.35231055521753013  0.6310702005154128  1.0000
  Cl  Cl17      1.0  0.2781466973910515  0.35231055521753013  0.8689297994845866  1.0000
  Cl  Cl18      1.0  0.27814669739105163  0.6476894447824705  0.368929799484587  1.0000
  Cl  Cl19      1.0  0.7218533026089511  0.6476894447824701  0.13107020051541268  1.0000
  Cl  Cl20      1.0  0.22185330260894914  0.8523105552175315  0.631070200515413  1.0000
  Cl  Cl21      1.0  0.7781466973910517  0.8523105552175311  0.8689297994845867  1.0000
  Cl  Cl22      1.0  0.7781466973910526  0.14768944478247004  0.3689297994845874  1.0000
  Cl  Cl23      1.0  0.22185330260894873  0.14768944478246998  0.13107020051541263  1.0000
  Cl  Cl24      1.0  0.29820979771686856  0.3403041509027918  0.3781893257564726  1.0000
  Zr  Zr1       1.0  0.5000000000000009  0.5000000000000001  0.9999999999999999  1.0000
  Zr  Zr2       1.0  1.8924346634880885e-32  0.0  0.9999999999999999  1.0000
  Zr  Zr3       1.0  0.9999999999999999  2.7000365515617746e-17  0.5000000000000001  1.0000
  Zr  Zr4       1.0  0.5000000000000014  0.5000000000000001  0.5000000000000003  1.0000
"
wf_mace_mpa_am20_b3_28508,Li$_{2}$MgCl$_{4}$,$P2/m$,0.01,0.87,4.28,0.0,0.10171998301561123,0.044425119337109735,"data_image0
_chemical_formula_structural       Li2MgCl4
_chemical_formula_sum              ""Li2 Mg1 Cl4""
_cell_length_a       6.395148695925954
_cell_length_b       3.643733326088846
_cell_length_c       6.436880457693647
_cell_angle_alpha    90.0
_cell_angle_beta     109.51611737276916
_cell_angle_gamma    90.0

_space_group_name_H-M_alt    ""P 1""
_space_group_IT_number       1

loop_
  _space_group_symop_operation_xyz
  'x, y, z'

loop_
  _atom_site_type_symbol
  _atom_site_label
  _atom_site_symmetry_multiplicity
  _atom_site_fract_x
  _atom_site_fract_y
  _atom_site_fract_z
  _atom_site_occupancy
  Li  Li1       1.0  0.5000000000000001  0.0  0.49999999999999994  1.0000
  Li  Li2       1.0  0.9999999999999998  0.0  0.9999999999999999  1.0000
  Mg  Mg1       1.0  0.5  0.5000000000000001  0.9999999999999999  1.0000
  Cl  Cl1       1.0  0.7334439127958651  0.0  0.2341343883419519  1.0000
  Cl  Cl2       1.0  0.2665560872041352  6.7192973120195306e-18  0.7658656116580476  1.0000
  Cl  Cl3       1.0  0.740382326990414  0.5000000000000002  0.7613579483342507  1.0000
  Cl  Cl4       1.0  0.25961767300958555  0.5000000000000002  0.2386420516657495  1.0000
"
wf_mace_mpa_am20_b3_10992,Li$_{2}$SiF$_{6}$,$P312$,0.02,1.85,6.61,-0.01,0.04873255344690449,0.028901303129965517,"data_image0
_chemical_formula_structural       Li2F6Si
_chemical_formula_sum              ""Li2 F6 Si1""
_cell_length_a       4.88586857638387
_cell_length_b       4.885868576383871
_cell_length_c       4.4787487345159995
_cell_angle_alpha    90.0
_cell_angle_beta     90.0
_cell_angle_gamma    120.00000000000001

_space_group_name_H-M_alt    ""P 1""
_space_group_IT_number       1

loop_
  _space_group_symop_operation_xyz
  'x, y, z'

loop_
  _atom_site_type_symbol
  _atom_site_label
  _atom_site_symmetry_multiplicity
  _atom_site_fract_x
  _atom_site_fract_y
  _atom_site_fract_z
  _atom_site_occupancy
  Li  Li1       1.0  0.0  0.0  0.4999999999999999  1.0000
  Li  Li2       1.0  0.6666666666666664  0.3333333333333331  2.2016777229027252e-32  1.0000
  F   F1        1.0  0.33223047478161694  0.9551909981861104  0.28134717765188594  1.0000
  F   F2        1.0  0.04480900181388939  0.3770394765955067  0.281347177651886  1.0000
  F   F3        1.0  0.6229605234044936  0.6677695252183831  0.28134717765188577  1.0000
  F   F4        1.0  0.04480900181388938  0.6677695252183834  0.7186528223481141  1.0000
  F   F5        1.0  0.6229605234044936  0.9551909981861105  0.7186528223481141  1.0000
  F   F6        1.0  0.33223047478161694  0.3770394765955064  0.7186528223481141  1.0000
  Si  Si1       1.0  0.3333333333333332  0.6666666666666665  0.4999999999999999  1.0000
"
wf_mace_mpa_am20_b3_32115,Li$_{2}$ZrCl$_{6}$,$P312$,0.02,1.79,4.28,-0.02,0.04754332290392205,0.026147944089072596,"data_image0
_chemical_formula_structural       Li2Cl6Zr
_chemical_formula_sum              ""Li2 Cl6 Zr1""
_cell_length_a       6.397510528176178
_cell_length_b       6.397510528176183
_cell_length_c       5.989472995552558
_cell_angle_alpha    90.0
_cell_angle_beta     90.0
_cell_angle_gamma    120.00000000000001

_space_group_name_H-M_alt    ""P 1""
_space_group_IT_number       1

loop_
  _space_group_symop_operation_xyz
  'x, y, z'

loop_
  _atom_site_type_symbol
  _atom_site_label
  _atom_site_symmetry_multiplicity
  _atom_site_fract_x
  _atom_site_fract_y
  _atom_site_fract_z
  _atom_site_occupancy
  Li  Li1       1.0  0.3333333333333337  0.666666666666667  0.5000000000000001  1.0000
  Li  Li2       1.0  5.904122274131363e-17  2.9520611370656803e-17  0.9999999999999999  1.0000
  Cl  Cl1       1.0  0.6606296932849319  0.6502895289188143  0.7385085809989269  1.0000
  Cl  Cl2       1.0  0.3497104710811866  0.01034016436611851  0.7385085809989266  1.0000
  Cl  Cl3       1.0  0.9896598356338824  0.3393703067150687  0.738508580998927  1.0000
  Cl  Cl4       1.0  0.3497104710811866  0.33937030671506874  0.26149141900107353  1.0000
  Cl  Cl5       1.0  0.9896598356338824  0.6502895289188141  0.26149141900107375  1.0000
  Cl  Cl6       1.0  0.6606296932849319  0.010340164366117843  0.26149141900107353  1.0000
  Zr  Zr1       1.0  0.6666666666666673  0.3333333333333338  0.5  1.0000
"
wf_mace_mpa_am20_b3_39695,LiLaCl$_{4}$,$I4_1/a$,0.01,0.44,4.28,0.0,0.021294871368725776,0.014520922912724499,"data_image0
_chemical_formula_structural       Li4Cl16La4
_chemical_formula_sum              ""Li4 Cl16 La4""
_cell_length_a       6.718846494374586
_cell_length_b       6.718846494374594
_cell_length_c       13.60943928590025
_cell_angle_alpha    90.0
_cell_angle_beta     90.0
_cell_angle_gamma    90.0

_space_group_name_H-M_alt    ""P 1""
_space_group_IT_number       1

loop_
  _space_group_symop_operation_xyz
  'x, y, z'

loop_
  _atom_site_type_symbol
  _atom_site_label
  _atom_site_symmetry_multiplicity
  _atom_site_fract_x
  _atom_site_fract_y
  _atom_site_fract_z
  _atom_site_occupancy
  Li  Li1       1.0  1.5653424898783016e-17  0.24999999999999992  0.6249999999999999  1.0000
  Li  Li2       1.0  0.4999999999999999  0.25  0.8749999999999997  1.0000
  Li  Li3       1.0  0.4999999999999999  0.7499999999999998  0.12500000000000003  1.0000
  Li  Li4       1.0  0.0  0.7499999999999998  0.3749999999999999  1.0000
  Cl  Cl1       1.0  0.21811711066601444  0.9173809866338236  0.04657737737718991  1.0000
  Cl  Cl2       1.0  0.28188288933398553  0.08261901336617579  0.5465773773771899  1.0000
  Cl  Cl3       1.0  0.1673809866338242  0.03188288933398552  0.29657737737719003  1.0000
  Cl  Cl4       1.0  0.3326190133661759  0.9681171106660142  0.7965773773771903  1.0000
  Cl  Cl5       1.0  0.7818828893339863  0.08261901336617594  0.9534226226228102  1.0000
  Cl  Cl6       1.0  0.718117110666014  0.9173809866338237  0.45342262262280975  1.0000
  Cl  Cl7       1.0  0.8326190133661758  0.9681171106660142  0.7034226226228102  1.0000
  Cl  Cl8       1.0  0.6673809866338242  0.031882889333985545  0.20342262262281008  1.0000
  Cl  Cl9       1.0  0.718117110666014  0.4173809866338242  0.5465773773771899  1.0000
  Cl  Cl10      1.0  0.7818828893339864  0.5826190133661749  0.04657737737718987  1.0000
  Cl  Cl11      1.0  0.6673809866338241  0.5318828893339855  0.7965773773771903  1.0000
  Cl  Cl12      1.0  0.8326190133661759  0.4681171106660144  0.2965773773771899  1.0000
  Cl  Cl13      1.0  0.2818828893339855  0.582619013366175  0.4534226226228098  1.0000
  Cl  Cl14      1.0  0.21811711066601452  0.4173809866338242  0.9534226226228102  1.0000
  Cl  Cl15      1.0  0.3326190133661758  0.46811711066601447  0.20342262262281005  1.0000
  Cl  Cl16      1.0  0.16738098663382417  0.5318828893339856  0.7034226226228102  1.0000
  La  La1       1.0  1.5653424898782972e-17  0.24999999999999992  0.12500000000000006  1.0000
  La  La2       1.0  0.4999999999999999  0.24999999999999992  0.3749999999999999  1.0000
  La  La3       1.0  0.4999999999999999  0.75  0.6249999999999999  1.0000
  La  La4       1.0  0.0  0.7499999999999999  0.8749999999999997  1.0000
"
